{"cameraMode":{"drawMode":0,"name":"Shaded","section":"Shading Mode"},"sceneLighting":false,"audioPlay":false,"sceneViewState":{"showFog":true,"showMaterialUpdate":false,"showSkybox":true,"showFlares":true,"showImageEffects":true,"showParticleSystems":true},"in2DMode":false,"pivot":{"x":-415.3621520996094,"y":1271.6912841796875,"z":-2385.64306640625},"rotation":{"x":-0.304653137922287,"y":-0.04284190759062767,"z":0.01371858548372984,"w":-0.9514005184173584},"size":0.4285197854042053,"orthographic":true}