{"cameraMode":{"drawMode":0,"name":"Shaded","section":"Shading Mode"},"sceneLighting":false,"audioPlay":false,"sceneViewState":{"showFog":true,"showMaterialUpdate":false,"showSkybox":true,"showFlares":true,"showImageEffects":true,"showParticleSystems":true},"in2DMode":false,"pivot":{"x":2.9802322387695315e-8,"y":0.19999998807907105,"z":-0.044499993324279788},"rotation":{"x":0.27820682525634768,"y":0.021609444171190263,"z":-0.0062607103027403358,"w":0.9602577090263367},"size":1.5184763669967652,"orthographic":false}