{"cameraMode":{"drawMode":0,"name":"Shaded","section":"Shading Mode"},"sceneLighting":false,"audioPlay":false,"sceneViewState":{"showFog":true,"showMaterialUpdate":false,"showSkybox":true,"showFlares":true,"showImageEffects":true,"showParticleSystems":true},"in2DMode":false,"pivot":{"x":-0.017429515719413759,"y":0.43538185954093935,"z":0.04181554913520813},"rotation":{"x":-0.025493763387203218,"y":-0.016493888571858407,"z":-0.00042068498441949487,"w":0.9995388388633728},"size":0.5289517641067505,"orthographic":false}