{"cameraMode":{"drawMode":0,"name":"Shaded","section":"Shading Mode"},"sceneLighting":false,"audioPlay":false,"sceneViewState":{"showFog":true,"showMaterialUpdate":false,"showSkybox":true,"showFlares":true,"showImageEffects":true,"showParticleSystems":true},"in2DMode":false,"pivot":{"x":2.9802322387695315e-8,"y":0.19999998807907105,"z":-5.960464477539063e-8},"rotation":{"x":0.20111893117427827,"y":2.890497841079309e-9,"z":-3.6250638602020049e-10,"w":0.9795668721199036},"size":1.4289518594741822,"orthographic":false}