{"cameraMode":{"drawMode":0,"name":"Shaded","section":"Shading Mode"},"sceneLighting":false,"audioPlay":false,"sceneViewState":{"showFog":true,"showMaterialUpdate":false,"showSkybox":true,"showFlares":true,"showImageEffects":true,"showParticleSystems":true},"in2DMode":false,"pivot":{"x":-5.066742420196533,"y":9.350332260131836,"z":-2.6477954387664797},"rotation":{"x":-0.2806546688079834,"y":-0.6801807284355164,"z":0.31980040669441225,"w":-0.5969211459159851},"size":25.199283599853517,"orthographic":true}