{"cameraMode":{"drawMode":0,"name":"Shaded","section":"Shading Mode"},"sceneLighting":false,"audioPlay":false,"sceneViewState":{"showFog":false,"showMaterialUpdate":false,"showSkybox":false,"showFlares":false,"showImageEffects":false,"showParticleSystems":false},"in2DMode":false,"pivot":{"x":0.06999999284744263,"y":0.6039999723434448,"z":0.0},"rotation":{"x":-0.0134202279150486,"y":-0.30693238973617556,"z":-0.00432867556810379,"w":0.9516268372535706},"size":3.881884813308716,"orthographic":false}