{"cameraMode":{"drawMode":0,"name":"Shaded","section":"Shading Mode"},"sceneLighting":false,"audioPlay":false,"sceneViewState":{"showFog":false,"showMaterialUpdate":false,"showSkybox":false,"showFlares":false,"showImageEffects":false,"showParticleSystems":false},"in2DMode":false,"pivot":{"x":9.450634956359864,"y":-1.2375195026397706,"z":-0.9357061386108398},"rotation":{"x":0.06964538991451264,"y":-0.07474712282419205,"z":0.00523307453840971,"w":0.9947537779808044},"size":2.210986614227295,"orthographic":false}