{"cameraMode":{"drawMode":2,"name":"Shaded Wireframe","section":"Shading Mode"},"sceneLighting":false,"audioPlay":false,"sceneViewState":{"showFog":false,"showMaterialUpdate":false,"showSkybox":false,"showFlares":false,"showImageEffects":false,"showParticleSystems":false},"in2DMode":false,"pivot":{"x":0.0,"y":0.09457039833068848,"z":-2.9802322387695315e-8},"rotation":{"x":0.22190389037132264,"y":0.019008124247193338,"z":-0.004326666705310345,"w":0.9748737215995789},"size":2.9909067153930666,"orthographic":false}