{"cameraMode":{"drawMode":0,"name":"Shaded","section":"Shading Mode"},"sceneLighting":false,"audioPlay":false,"sceneViewState":{"showFog":true,"showMaterialUpdate":false,"showSkybox":true,"showFlares":true,"showImageEffects":true,"showParticleSystems":true},"in2DMode":false,"pivot":{"x":0.6803105473518372,"y":-1.3619451522827149,"z":-1.2213729619979859},"rotation":{"x":0.05717841163277626,"y":0.9137998223304749,"z":-0.37755680084228518,"w":0.1383887678384781},"size":4.030124664306641,"orthographic":false}