{"cameraMode":{"drawMode":0,"name":"Shaded","section":"Shading Mode"},"sceneLighting":true,"audioPlay":false,"sceneViewState":{"showFog":true,"showMaterialUpdate":false,"showSkybox":true,"showFlares":true,"showImageEffects":true,"showParticleSystems":true},"in2DMode":false,"pivot":{"x":8.572441101074219,"y":-11.502835273742676,"z":-1.5004547834396363},"rotation":{"x":0.15762798488140107,"y":0.8346330523490906,"z":-0.3059043884277344,"w":0.430074006319046},"size":32.51729202270508,"orthographic":false}